Workbook
Name AppCustomization: 'Effort Estimation'!$C$70
Name AppFeatures: 'Effort Estimation'!$C$53
Name Automations: 'Effort Estimation'!$C$106
Name Build_and_Configure: 'Effort Estimation'!$C$35
Name Calculations: 'Effort Estimation'!$C$74
Name Change_Management: 'Effort Estimation'!$C$128
Name Design: 'Effort Estimation'!$C$28
Name Documentations: 'Effort Estimation'!$C$123
Name DynamicList: IF('Scope Definition'!$C$7="YES", [0]!Yes_List, [0]!No_List)
Name DynamicList: IF('Scope Definition'!$C$7="YES", Yes_List, No_List)
Name EngagementWeightage: 'Scope Definition'!$E$103
Name FeatureCleanRange: 'Scope Definition'!$G$6:$G$102
Name FTEEfforts: 'App Tiers Definition'!$H$5:$V$22
Name HistData: 'Effort Estimation'!$C$84
Name InScopeFlagRange: 'Scope Definition'!$H$6:$H$102
Name Integrations: 'Effort Estimation'!$C$90
Name KDD_Items: Definitions!$D$134:$D$149
Name KDD_Items_All: Definitions!$B$134:$B$149
Name No_List: 'Scope Definition'!$Z$5
Name Project_Initiation_and_Planning: 'Effort Estimation'!$C$5
Name Reporting: 'Effort Estimation'!$C$97
Name Requirement_Gathering: 'Effort Estimation'!$C$18
Name RoleData: 'Scope Definition'!$K$14:$L$26
Name RoleTable: 'Scope Definition'!$K$14:$L$26
Name Scope_of_Services: Definitions!$B$3:$B$62
Name Security: 'Effort Estimation'!$C$80
Name Testing_Training: 'Effort Estimation'!$C$112
Name TierTable: 'App Tiers Definition'!$D$6:$F$10
Name Timings: Definitions!$B$166:$O$191
Name TotalDuration: 'Effort Estimation'!$H$132
Name Transition: 'Effort Estimation'!$C$119
Name Weightage: 'Scope Definition'!$E$103
Name Yes_List: 'Scope Definition'!$Y$5:$Y$9

Sheet Scope Definition
B3: FCC Implementation Scope | C3: In Scope? | D3: Details | G3: Feature Clean | H3: In Scope Flag
Y4: Yes_List | Z4: No_List
B5: Dimensions | X5: YES | Y5: 1 | Z5: 0
B6: Account | C6: YES | D6: 2000 | E6: =1 + IF(C7="NO", 0, IF(AND(D7>0, D7<=2), 1, IF(AND(D7>2,D7<=4), 2, IF(AND(D7>4,D7<=6), 3, IF(AND(D7>6,D7<=8), 4, ""))))) + IF(C8="YES",2,0) -> 4 | G6: =TRIM(B6) -> Account | H6: =IF(C6="YES",1,0) -> 1 | X6: NO | Y6: 2
B7: Account Alternate Hierarchies | C7: YES | D7: 2 | G7: =TRIM(B7) -> Account Alternate Hierarchies | H7: =IF(C7="YES",1,0) -> 1 | Y7: 3
B8: Rationalization of CoA | C8: YES | D8: 3 | G8: =TRIM(B8) -> Rationalization of CoA | H8: =IF(C8="YES",1,0) -> 1
B9: Multi-Currency | C9: YES | D9: 5 | E9: =IF(C9="NO", 0, IF(AND(D9>0, D9<=5), 1, IF(AND(D9>5,D9<=10), 2, IF(AND(D9>10,D9<=15), 3, IF(AND(D9>15,D9<=20), 4, 8))))) -> 1 | G9: =TRIM(B9) -> Multi-Currency | H9: =IF(C9="YES",1,0) -> 1 | Y9: 4
B10: Reporting Currency | C10: YES | D10: 2 | E10: =IF(D10=1,0,IF(AND(D10>1,D10<=2),2,IF(AND(D10>2,D10<=4),3,5))) -> 2 | G10: =TRIM(B10) -> Reporting Currency | H10: =IF(C10="YES",1,0) -> 1
B11: Entity | C11: YES | D11: 25 | E11: =1 + IF(C11="YES",2,0)+ IF(C13="NO", 0, IF(AND(D13>0, D13<=2), 1, IF(AND(D13>2,D13<=4), 2, IF(AND(D13>4,D13<=6), 3, IF(AND(D13>6,D13<=8), 4, 5))))) -> 4 | G11: =TRIM(B11) -> Entity | H11: =IF(C11="YES",1,0) -> 1
B12: Entity Redesign | C12: NO | G12: =TRIM(B12) -> Entity Redesign | H12: =IF(C12="YES",1,0) -> 0
B13: Entity Alternate Hierarchies | C13: YES | D13: 2 | G13: =TRIM(B13) -> Entity Alternate Hierarchies | H13: =IF(C13="YES",1,0) -> 1 | K13: Select the necessary roles for this engagement
B14: Scenario | C14: YES | D14: 2 | E14: =IF(D14=1,1,IF(AND(D14>1,D14<=2),3,IF(AND(D14>2,D14<=3),4,IF(AND(D14>3,D14<=4),5,6)))) -> 3 | G14: =TRIM(B14) -> Scenario | H14: =IF(C14="YES",1,0) -> 1 | K14: PM USA | L14: TRUE
B15: Multi-GAAP | C15: YES | E15: =IF(C15="NO", 0, 1) -> 1 | G15: =TRIM(B15) -> Multi-GAAP | H15: =IF(C15="YES",1,0) -> 1 | K15: PM India | L15: TRUE
B16: Custom Dimensions | C16: YES | D16: 2 | E16: =IF(C16="NO", 0, IF(AND(D16>0, D16<=2), 1, IF(AND(D16>2,D16<=3), 2, IF(AND(D16>10,D16<=15), 3, IF(AND(D16>15,D16<=20), 4, ""))))) + IF(C17="NO", 0, IF(AND(D17>0, D17<=5), 1, IF(AND(D17>5,D17<=10), 2, IF(AND(D17>10,D17<=15), 3, IF(AND(D17>15,D17<=20), 4, ""))))) -> 2 | G16: =TRIM(B16) -> Custom Dimensions | H16: =IF(C16="YES",1,0) -> 1 | K16: Architect USA | L16: TRUE
B17: Alternate Hierarchies in Custom Dimensions | C17: YES | D17: 2 | G17: =TRIM(B17) -> Alternate Hierarchies in Custom Dimensions | H17: =IF(C17="YES",1,0) -> 1 | K17: Delivery Lead India | L17: TRUE
B18: Additional Alias Tables | C18: YES | D18: 1 | E18: =IF(C18="NO", 0, IF(AND(D18>0, D18<=5), 1, IF(AND(D18>5,D18<=10), 2, IF(AND(D18>10,D18<=15), 3, IF(AND(D18>15,D18<=20), 4, ""))))) -> 1 | G18: =TRIM(B18) -> Additional Alias Tables | H18: =IF(C18="YES",1,0) -> 1 | K18: Sr. Delivery Lead India | L18: TRUE
G19: =TRIM(B19) | H19: =IF(C19="YES",1,0) -> 0 | K19: App Lead USA | L19: TRUE
B20: Application Features | G20: =TRIM(B20) -> Application Features | H20: =IF(C20="YES",1,0) -> 0 | K20: App Lead India | L20: TRUE
B21: Elimination | C21: YES | E21: =IF(C21="YES",1,0) -> 1 | G21: =TRIM(B21) -> Elimination | H21: =IF(C21="YES",1,0) -> 1 | K21: App Developer USA | L21: FALSE
B22: Custom Elimination Requirement | C22: NO | G22: =TRIM(B22) -> Custom Elimination Requirement | H22: =IF(C22="YES",1,0) -> 0 | K22: App Developer India | L22: TRUE
B23: Consolidation Journals | C23: YES | E23: =IF(C23="YES",1,0) + IF(C24="NO",0,IF(AND(D24>0,D24<=2),1,IF(AND(D24>2,D24<=5),2,4))) + IF(C25="NO",0,2) -> 4 | G23: =TRIM(B23) -> Consolidation Journals | H23: =IF(C23="YES",1,0) -> 1 | K23: Integration Lead USA | L23: TRUE
B24: Journal Templates | C24: YES | D24: 1 | G24: =TRIM(B24) -> Journal Templates | H24: =IF(C24="YES",1,0) -> 1 | K24: Integration Developer India | L24: TRUE
B25: Parent Currency Journals | C25: YES | G25: =TRIM(B25) -> Parent Currency Journals | H25: =IF(C25="YES",1,0) -> 1 | K25: Reporting Lead India | L25: FALSE
B26: Ownership Management | C26: NO | E26: =IF(C26="YES",2,0) + IF(C26="YES",IF(C27="YES",2,0),0)+ IF(C26="YES",IF(C28="YES",2,0),0) + IF(C26="YES",IF(C29="YES",2,0),0) + IF(C26="YES",IF(C30="YES",2,0),0) -> 0 | G26: =TRIM(B26) -> Ownership Management | H26: =IF(C26="YES",1,0) -> 0 | K26: Security Lead India | L26: FALSE
B27: Enhanced Organization by Period | C27: NO | G27: =TRIM(B27) -> Enhanced Organization by Period | H27: =IF(C27="YES",1,0) -> 0
B28: Equity Pickup | C28: NO | G28: =TRIM(B28) -> Equity Pickup | H28: =IF(C28="YES",1,0) -> 0
B29: Partner Elimination | C29: NO | G29: =TRIM(B29) -> Partner Elimination | H29: =IF(C29="YES",1,0) -> 0
B30: Configurable Consolidation Rules | C30: NO | G30: =TRIM(B30) -> Configurable Consolidation Rules | H30: =IF(C30="YES",1,0) -> 0
B31: Cash Flow | C31: YES | E31: =IF(C31="YES",2,0) -> 2 | G31: =TRIM(B31) -> Cash Flow | H31: =IF(C31="YES",1,0) -> 1
B32: Supplemental Data Collection | C32: NO | E32: =IF(C32="YES",2,0) -> 0 | G32: =TRIM(B32) -> Supplemental Data Collection | H32: =IF(C32="YES",1,0) -> 0
B33: Enterprise Journals | C33: NO | E33: =IF(C33="YES",2,0) -> 0 | G33: =TRIM(B33) -> Enterprise Journals | H33: =IF(C33="YES",1,0) -> 0
B34: Approval Process | C34: YES | E34: =IF(C34="YES",2,0) -> 2 | G34: =TRIM(B34) -> Approval Process | H34: =IF(C34="YES",1,0) -> 1
B35: Historic Overrides | C35: YES | E35: =IF(C35="YES",2,0)+IF(D10=1,0,IF(AND(D10>1,D10<=2),2,5)) -> 4 | G35: =TRIM(B35) -> Historic Overrides | H35: =IF(C35="YES",1,0) -> 1
B36: Task Manager | C36: NO | E36: =IF(C36="YES",2,0) -> 0 | G36: =TRIM(B36) -> Task Manager | H36: =IF(C36="YES",1,0) -> 0
B37: Audit | C37: YES | E37: =IF(C37="YES",1,0) -> 1 | G37: =TRIM(B37) -> Audit | H37: =IF(C37="YES",1,0) -> 1
G38: =TRIM(B38) | H38: =IF(C38="YES",1,0) -> 0
B39: Application Customization | G39: =TRIM(B39) -> Application Customization | H39: =IF(C39="YES",1,0) -> 0
B40: Data Forms | C40: YES | D40: 5 | E40: {=IF(C40="YES",1,0)+IF(C40="YES", _xlfn.IFS( D40="", 0, D40=1, 2, D40<=4, 5, D40<=10, 10, D40<=15, 20, D40<=25, 30, D40<=35, 40, TRUE, 50 ), 0 )} -> 11 | G40: =TRIM(B40) -> Data Forms | H40: =IF(C40="YES",1,0) -> 1
B41: Dashboards | C41: NO | D41: 3 | E41: {=IF(C41="YES",1,0)+IF(C41="YES", _xlfn.IFS( D41="", 0, D41=1, 4, D41<=2, 8, D41<=4, 10, TRUE, 25 ), 0 )} -> 0 | G41: =TRIM(B41) -> Dashboards | H41: =IF(C41="YES",1,0) -> 0
G42: =TRIM(B42) | H42: =IF(C42="YES",1,0) -> 0
B43: Calculations | G43: =TRIM(B43) -> Calculations | H43: =IF(C43="YES",1,0) -> 0
B44: Business Rules | C44: YES | D44: 3 | E44: {=IF(C44="YES",1,0)+IF(C44="YES", _xlfn.IFS( D44="", 0, D44=1, 2, D44<=2, 4, D44<=5, 6, TRUE, 10 ), 0 )} -> 7 | G44: =TRIM(B44) -> Business Rules | H44: =IF(C44="YES",1,0) -> 1
B45: Member Formula | C45: YES | D45: 20 | E45: {=IF(C45="YES",1,0)+IF(C45="YES", _xlfn.IFS( D45="", 0, D45=5, 2, D45<=10, 4, D45<=15, 6, TRUE, 10 ), 0 )} -> 11 | G45: =TRIM(B45) -> Member Formula | H45: =IF(C45="YES",1,0) -> 1
B46: Ratios | C46: YES | E46: =IF(C46="YES",2,0) -> 2 | G46: =TRIM(B46) -> Ratios | H46: =IF(C46="YES",1,0) -> 1
B47: Custom KPIs | C47: NO | E47: =IF(C47="YES",2,0) -> 0 | G47: =TRIM(B47) -> Custom KPIs | H47: =IF(C47="YES",1,0) -> 0
G48: =TRIM(B48) | H48: =IF(C48="YES",1,0) -> 0
B49: Security | F49: =SUM(E50:E51) -> 6 | G49: =TRIM(B49) -> Security | H49: =IF(C49="YES",1,0) -> 0
B50: Secured Dimensions | C50: YES | D50: 1 | E50: {=IF(C50="YES", _xlfn.IFS( D50="", 0, D50=1, 2, D50<=2, 4, D50<=5, 6, TRUE, 10 ), 0 )} -> 2 | G50: =TRIM(B50) -> Secured Dimensions | H50: =IF(C50="YES",1,0) -> 1
B51: Number of Users | C51: YES | D51: 20 | E51: {=IF(C51="YES", _xlfn.IFS( D51="", 0, D51=10, 2, D51<=20, 4, D51<=50, 6, TRUE, 10 ), 0 )} -> 4 | G51: =TRIM(B51) -> Number of Users | H51: =IF(C51="YES",1,0) -> 1
G52: =TRIM(B52) | H52: =IF(C52="YES",1,0) -> 0
B53: Historical Data | F53: =SUM(E54:E56) -> 12 | G53: =TRIM(B53) -> Historical Data | H53: =IF(C53="YES",1,0) -> 0
B54: Historical Data Validation | C54: YES | D54: 2 | E54: {=IF(C54="YES", _xlfn.IFS( D54="", 0, D54=1, 2, D54<=2, 4, D54<=5, 6, TRUE, 10 ), 0 )} -> 4 | G54: =TRIM(B54) -> Historical Data Validation | H54: =IF(C54="YES",1,0) -> 1
B55: Data Validation for Account Alt Hierarchies | C55: YES | E55: =IF(C55="NO",0,IF(C7="NO", 0, IF(AND(D7>0, D7<=2), 4, IF(AND(D7>2,D7<=4), 6, IF(AND(D7>4,D7<=6), 8, IF(AND(D7>6,D7<=8), 10, 15)))))) -> 4 | G55: =TRIM(B55) -> Data Validation for Account Alt Hierarchies | H55: =IF(C55="YES",1,0) -> 1
B56: Data Validation for Entity Alt Hierarchies | C56: YES | E56: =IF(C56="NO",0,IF(C13="NO", 0, IF(AND(D13>0, D13<=2), 4, IF(AND(D13>2,D13<=4), 6, IF(AND(D13>4,D13<=6), 8, IF(AND(D13>6,D13<=8), 10, 15)))))) -> 4 | G56: =TRIM(B56) -> Data Validation for Entity Alt Hierarchies | H56: =IF(C56="YES",1,0) -> 1
B57: Historical Journal Conversion | C57: YES | E57: =IF(C57="YES",2,0) -> 2 | G57: =TRIM(B57) -> Historical Journal Conversion | H57: =IF(C57="YES",1,0) -> 1
G58: =TRIM(B58) | H58: =IF(C58="YES",1,0) -> 0
B59: Integrations | F59: =SUM(E60:E64) -> 8 | G59: =TRIM(B59) -> Integrations | H59: =IF(C59="YES",1,0) -> 0
B60: Files Based Loads | C60: NO | D60: 2 | E60: =IF(C60="NO",0,IF(AND(D60>0, D60<=2), 2, IF(AND(D60>2,D60<=4), 4, IF(AND(D60>4,D60<=6), 6, IF(AND(D60>6,D60<=8), 10, 15))))) -> 0 | G60: =TRIM(B60) -> Files Based Loads | H60: =IF(C60="YES",1,0) -> 0
B61: Direct Connect Integrations | C61: YES | D61: 1 | E61: =IF(C61="NO",0,IF(AND(D61>0, D61<=2), 4, IF(AND(D61>2,D61<=4), 6, IF(AND(D61>4,D61<=6), 8, IF(AND(D61>6,D61<=8), 10, 15))))) -> 4 | G61: =TRIM(B61) -> Direct Connect Integrations | H61: =IF(C61="YES",1,0) -> 1
B62: Outbound Integrations | C62: NO | E62: =IF(C62="NO",0,IF(AND(D62>0, D62<=2), 4, IF(AND(D62>2,D62<=4), 6, IF(AND(D62>4,D62<=6), 8, IF(AND(D62>6,D62<=8), 10, 15))))) -> 0 | G62: =TRIM(B62) -> Outbound Integrations | H62: =IF(C62="YES",1,0) -> 0
B63: Pipeline | C63: NO | D63: 1 | E63: =IF(C63="NO",0,IF(AND(D63>0, D63<=2), 4, IF(AND(D63>2,D63<=4), 6, IF(AND(D63>4,D63<=6), 8, IF(AND(D63>6,D63<=8), 10, 15))))) -> 0 | G63: =TRIM(B63) -> Pipeline | H63: =IF(C63="YES",1,0) -> 0
B64: Custom Scripting | C64: YES | D64: 2 | E64: =IF(C64="NO",0,IF(AND(D64>0, D64<=2), 4, IF(AND(D64>2,D64<=4), 6, IF(AND(D64>4,D64<=6), 8, IF(AND(D64>6,D64<=8), 10, 15))))) -> 4 | G64: =TRIM(B64) -> Custom Scripting | H64: =IF(C64="YES",1,0) -> 1
G65: =TRIM(B65) | H65: =IF(C65="YES",1,0) -> 0
B66: Reporting | G66: =TRIM(B66) -> Reporting | H66: =IF(C66="YES",1,0) -> 0
B67: Management Reports | C67: YES | D67: 5 | E67: =IF(C67="NO",0,IF(AND(D67>0, D67<=5), 4, IF(AND(D67>5,D67<=10), 6, IF(AND(D67>10,D67<=15), 8, IF(AND(D67>15,D67<=25), 10, 15))))) -> 4 | G67: =TRIM(B67) -> Management Reports | H67: =IF(C67="YES",1,0) -> 1
B68: Consolidation Reports | C68: NO | E68: =IF(C68="NO",0,IF(AND(D68>0, D68<=5), 4, IF(AND(D68>5,D68<=10), 6, IF(AND(D68>10,D68<=15), 8, IF(AND(D68>15,D68<=25), 10, 15))))) -> 0 | G68: =TRIM(B68) -> Consolidation Reports | H68: =IF(C68="YES",1,0) -> 0
B69: Consolidation Journal Reports | C69: YES | D69: 1 | E69: =IF(C69="NO",0,IF(AND(D69>0, D69<=5), 2, IF(AND(D69>5,D69<=10), 4, IF(AND(D69>10,D69<=15), 6, IF(AND(D69>15,D69<=25), 8, 10))))) -> 2 | G69: =TRIM(B69) -> Consolidation Journal Reports | H69: =IF(C69="YES",1,0) -> 1
B70: Intercompany Reports | C70: YES | D70: 1 | E70: =IF(C70="NO",0,IF(AND(D70>0, D70<=5), 4, IF(AND(D70>5,D70<=10), 6, IF(AND(D70>10,D70<=15), 8, IF(AND(D70>15,D70<=25), 10, 15))))) -> 4 | G70: =TRIM(B70) -> Intercompany Reports | H70: =IF(C70="YES",1,0) -> 1
B71: Task Manager Reports | C71: NO | E71: =IF(C71="NO",0,IF(AND(D71>0, D71<=5), 2, IF(AND(D71>5,D71<=10), 4, IF(AND(D71>10,D71<=15), 6, IF(AND(D71>15,D71<=25), 8, 10))))) -> 0 | G71: =TRIM(B71) -> Task Manager Reports | H71: =IF(C71="YES",1,0) -> 0
B72: Enterprise Journal Reports | C72: NO | E72: =IF(C72="NO",0,IF(AND(D72>0, D72<=5), 2, IF(AND(D72>5,D72<=10), 4, IF(AND(D72>10,D72<=15), 6, IF(AND(D72>15,D72<=25), 8, 10))))) -> 0 | G72: =TRIM(B72) -> Enterprise Journal Reports | H72: =IF(C72="YES",1,0) -> 0
B73: Smart View Reports | C73: YES | D73: 3 | E73: =IF(C73="NO",0,IF(AND(D73>0, D73<=5), 2, IF(AND(D73>5,D73<=10), 4, IF(AND(D73>10,D73<=15), 6, IF(AND(D73>15,D73<=25), 8, 10))))) -> 2 | G73: =TRIM(B73) -> Smart View Reports | H73: =IF(C73="YES",1,0) -> 1
G74: =TRIM(B74) | H74: =IF(C74="YES",1,0) -> 0
B75: Automations | F75: =SUM(E76:E79) -> 4 | G75: =TRIM(B75) -> Automations | H75: =IF(C75="YES",1,0) -> 0
B76: Automated Data loads | C76: YES | E76: =IF(C76="YES",2,0) -> 2 | G76: =TRIM(B76) -> Automated Data loads | H76: =IF(C76="YES",1,0) -> 1
B77: Automated Consolidations | C77: YES | E77: =IF(C77="YES",2,0) -> 2 | G77: =TRIM(B77) -> Automated Consolidations | H77: =IF(C77="YES",1,0) -> 1
B78: Backup and Archival | C78: NO | E78: =IF(C78="YES",2,0) -> 0 | G78: =TRIM(B78) -> Backup and Archival | H78: =IF(C78="YES",1,0) -> 0
B79: Metadata Import | C79: NO | E79: =IF(C79="YES",2,0) -> 0 | G79: =TRIM(B79) -> Metadata Import | H79: =IF(C79="YES",1,0) -> 0
B81: Testing/Training | G81: =TRIM(B81) -> Testing/Training | H81: =IF(C81="YES",1,0) -> 0
B82: Unit Testing | C82: YES | E82: =IF(C82="YES",1,0) -> 1 | G82: =TRIM(B82) -> Unit Testing | H82: =IF(C82="YES",1,0) -> 1
B83: UAT | C83: YES | E83: =IF(C83="YES",2,0) -> 2 | G83: =TRIM(B83) -> UAT | H83: =IF(C83="YES",1,0) -> 1
B84: SIT | C84: YES | E84: =IF(C84="YES",2,0) -> 2 | G84: =TRIM(B84) -> SIT | H84: =IF(C84="YES",1,0) -> 1
B85: Parallel Testing | C85: YES | D85: 3 | E85: =IF(C85="NO",0,IF(D85=1, 2, IF(D85=2, 4, IF(D85=3, 6, IF(D85=4, 8, 10))))) -> 6 | G85: =TRIM(B85) -> Parallel Testing | H85: =IF(C85="YES",1,0) -> 1
B86: User Training | C86: YES | E86: =IF(C86="YES",4,0) -> 4 | G86: =TRIM(B86) -> User Training | H86: =IF(C86="YES",1,0) -> 1
B88: Transition | G88: =TRIM(B88) -> Transition | H88: =IF(C88="YES",1,0) -> 0
B89: Go Live | C89: YES | E89: =IF(C89="YES",1,0) -> 1 | G89: =TRIM(B89) -> Go Live | H89: =IF(C89="YES",1,0) -> 1
B90: Hypercare | C90: YES | E90: =IF(C90="YES",1,0) -> 1 | G90: =TRIM(B90) -> Hypercare | H90: =IF(C90="YES",1,0) -> 1
B92: Documentations | G92: =TRIM(B92) -> Documentations | H92: =IF(C92="YES",1,0) -> 0
B93: RTM | C93: YES | E93: =IF(C93="YES",1,0) -> 1 | G93: =TRIM(B93) -> RTM | H93: =IF(C93="YES",1,0) -> 1
B94: Design Document | C94: YES | E94: =IF(C94="YES",1,0) -> 1 | G94: =TRIM(B94) -> Design Document | H94: =IF(C94="YES",1,0) -> 1
B95: System Configuration Document | C95: YES | E95: =IF(C95="YES",1,0) -> 1 | G95: =TRIM(B95) -> System Configuration Document | H95: =IF(C95="YES",1,0) -> 1
G96: =TRIM(B96)
B97: Change Management | G97: =TRIM(B97) -> Change Management | H97: =IF(C97="YES",1,0) -> 0
B98: Admin Desktop Procedures | C98: YES | E98: =IF(C98="YES",1,0) -> 1 | G98: =TRIM(B98) -> Admin Desktop Procedures | H98: =IF(C98="YES",1,0) -> 1
B99: End User Desktop Procedures | C99: YES | E99: =IF(C99="YES",1,0) -> 1 | G99: =TRIM(B99) -> End User Desktop Procedures | H99: =IF(C99="YES",1,0) -> 1
G100: =TRIM(B100)
B101: Project Management | G101: =TRIM(B101) -> Project Management | H101: =IF(C101="YES",1,0) -> 0
B102: Project Management | C102: YES | E102: 1 | G102: =TRIM(B102) -> Project Management | H102: =IF(C102="YES",1,0) -> 1
E103: =SUM(E6:E102) -> 130

Sheet Scope of Service
C2: Tier 3 - Enhanced Scope
C4: Scope of Services
C6: Under this SOW, Donyati will work with Client to provide Services noted below. Actual activities, work items, schedule and deliverables would be jointly managed by Donyati and Client based on the Client’s business priorities.
C8: The scope of this engagement is focused on the implementation of the following application modules:
C9: Oracle EPM Enterprise – Financial Consolidation and Close
C11: Donyati Services consist of the following:
C13: Implementation of Financial Consolidation and Close
C15: Dimensions
C16: Account dimension (~ 2000accounts) will be configured based on the current Chart of Accounts. CoA Rationalization will be performed. Standard Trial Balance will be incorporated into the Account dimension to support the following financial statements.
C17: Up to 2 Account alternate hierarchies will be developed
C18: Entity - (~25) will be configures based on the currenct structure. In addtion, up to 2 alternate hierarchies will be developed
C19: Currency dimension will be configures with 5 Currencies.There will be 2 Reporting Currency
... C46: Translation override will be set up if required

Sheet Timings
C4: Timings
C6: The engagement start date is 13-Aug-2025
C7: The engagement end date is 30-Apr-2026
C8: Go-live support will be provided and additional capabilities will be added per a subsequent Statement of Work expected to be started immediately following the completion of this Statement of Work.
C9: This SOW assumes 8 months to complete Financial Consolidation and Close.
C10: Completion of Services and Deliverables agreed upon is subject to, among other things, appropriate cooperation, obtaining the necessary information, and timely response to inquiries. The chart below shows the estimated hours per month for each resource role. At the conclusion of Requirements and Design, Donyati will revise the implementation timeline to incorporate agreed upon requirements and design elements. Donyati and Client will review and approve the revised implementation timeline before moving into the Development Phase.
C14: Resource Role/Monthly Hours | D14: 1 | E14: 2 | F14: 3 | G14: 4 | H14: 5 | I14: 6 | J14: 7 | K14: 8
C15: PM USA | D15: 118 | E15: 118 | F15: 118 | G15: 118 | H15: 118 | I15: 118 | J15: 118 | K15: 118
C16: PM India | D16: 118 | E16: 118 | F16: 118 | G16: 118 | H16: 118 | I16: 118 | J16: 118 | K16: 118
C17: Architect USA | D17: 58 | E17: 58 | F17: 58 | G17: 58 | H17: 58 | I17: 58 | J17: 58 | K17: 58
C18: Sr. Delivery Lead India | D18: 118 | E18: 118 | F18: 118 | G18: 118 | H18: 118 | I18: 118 | J18: 118 | K18: 118
C19: Delivery Lead India | D19: 118 | E19: 118 | F19: 118 | G19: 118 | H19: 118 | I19: 118 | J19: 118 | K19: 118
C20: App Lead USA | D20: 234 | E20: 234 | F20: 234 | G20: 234 | H20: 234 | I20: 234 | J20: 234 | K20: 234
C21: App Lead India | D21: 234 | E21: 234 | F21: 234 | G21: 234 | H21: 234 | I21: 234 | J21: 234 | K21: 234
C22: App Developer India | D22: 223 | E22: 223 | F22: 223 | G22: 223 | H22: 223 | I22: 223 | J22: 223 | K22: 223
C23: Integration Lead USA | D23: 55 | E23: 55 | F23: 55 | G23: 55 | H23: 55 | I23: 55 | J23: 55 | K23: 55
C24: Integration Developer India | D24: 55 | E24: 55 | F24: 55 | G24: 55 | H24: 55 | I24: 55 | J24: 55 | K24: 55

Sheet KDD Items
C4: KDD Items
C6: KDD01 - General Application Configuration
C7: KDD02 - Metadata Configuration
C8: KDD03 - FCC Consolidations and Other Calculations
C9: KDD04 - Reports and Data Form Configuration
C10: KDD05 - Cash Flow
C11: KDD06 - Journal Process
C12: KDD07 - Integrations
C13: KDD08 - Historical Data Source and Validations
C14: KDD09 - Automations
C15: KDD10 - Approval Process
C16: KDD11 - Application Security
C17: KDD12 - Audit

Sheet App Tiers Definition
J3: % of FTE Efforts
E4: Weightage | J4: USA | K4: India | L4: USA | M4: India | N4: India | O4: USA | P4: India | Q4: USA | R4: India | S4: USA | T4: India | U4: India | V4: India
E5: Range | I5: Hours | J5: PM | K5: PM | L5: Architect | M5: Sr. Delivery Lead | N5: Delivery Lead | O5: App Lead | P5: App Lead | Q5: App Developer | R5: App Developer | S5: Integration Lead | T5: Integration Developer | U5: Reporting Lead | V5: Security Lead
D6: Tier 1 - Jumpstart | E6: 0 | F6: 60 | H6: Project Initiation and Planning | I6: ='Effort Estimation'!G5 -> 18 | J6: 0.5 | K6: 0.5 | L6: 1 | M6: 0.5 | N6: 0.5 | O6: 0 | P6: 0 | Q6: 0 | R6: 0 | S6: 0 | T6: 0 | U6: 0 | V6: 0 | AA6: TECO | AB6: 52
D7: Tier 2 - Foundation Plus | E7: 61 | F7: 100 | H7: Creating and Managing EPM Cloud Infrastructure | I7: ='Effort Estimation'!G14 -> 6 | J7: 0.5 | K7: 0.5 | L7: 0 | M7: 0.5 | N7: 0.5 | O7: 1 | P7: 1 | Q7: 0 | R7: 0 | S7: 0 | T7: 0 | U7: 0 | V7: 0 | AA7: Summit Polymers
D8: Tier 3 - Enhanced Scope | E8: 101 | F8: 150 | H8: Requirement Gathering, Read back and Client Sign-off | I8: ='Effort Estimation'!G18 -> 44 | J8: 0.5 | K8: 0.5 | L8: 1 | M8: 0.5 | N8: 0.5 | O8: 1 | P8: 1 | Q8: 0 | R8: 0 | S8: 0.2 | T8: 0.2 | U8: 0 | V8: 0 | AA8: Labrie
D9: Tier 4 - Advanced Enablement | E9: 151 | F9: 200 | H9: Design | I9: ='Effort Estimation'!G28 -> 42 | J9: 0.5 | K9: 0.5 | L9: 1 | M9: 0.5 | N9: 0.5 | O9: 1 | P9: 1 | Q9: 0 | R9: 0 | S9: 0.2 | T9: 0.2 | U9: 0 | V9: 0 | AA9: Jtekt | AB9: 100
D10: Tier 5 - Full Spectrum | E10: 201 | F10: 999 | H10: Build and Configure FCC | I10: ='Effort Estimation'!G35 -> 148 | J10: 0.5 | K10: 0.5 | L10: 0.2 | M10: 0.5 | N10: 0.5 | O10: 1 | P10: 1 | Q10: 1 | R10: 1 | S10: 0 | T10: 0 | U10: 0 | V10: 0 | AA10: Delta
H11: Setup Application Features | I11: ='Effort Estimation'!G53 -> 96.5 | J11: 0.5 | K11: 0.5 | L11: 0.2 | M11: 0.5 | N11: 0.5 | O11: 1 | P11: 1 | Q11: 1 | R11: 1 | S11: 0 | T11: 0 | U11: 0 | V11: 0 | AA11: Cooper Std | AB11: 133
H12: Application Customization | I12: ='Effort Estimation'!G70 -> 72 | J12: 0.5 | K12: 0.5 | L12: 0.2 | M12: 0.5 | N12: 0.5 | O12: 1 | P12: 1 | Q12: 1 | R12: 1 | S12: 0 | T12: 0 | U12: 0 | V12: 0 | AA12: Central Ins
H13: Calculations | I13: ='Effort Estimation'!G74 -> 126 | J13: 0.5 | K13: 0.5 | L13: 0.2 | M13: 0.5 | N13: 0.5 | O13: 1 | P13: 1 | Q13: 1 | R13: 1 | S13: 0 | T13: 0 | U13: 0 | V13: 0 | AA13: MTW
H14: Security | I14: ='Effort Estimation'!G80 -> 24 | J14: 0.5 | K14: 0.5 | L14: 0.2 | M14: 0.5 | N14: 0.5 | O14: 1 | P14: 1 | Q14: 1 | R14: 1 | S14: 0.2 | T14: 0.2 | U14: 0 | V14: 1
H15: Historical Data | I15: ='Effort Estimation'!G84 -> 552 | J15: 0.5 | K15: 0.5 | L15: 0.2 | M15: 0.5 | N15: 0.5 | O15: 1 | P15: 1 | Q15: 1 | R15: 1 | S15: 0 | T15: 0 | U15: 0 | V15: 0
H16: Integrations | I16: ='Effort Estimation'!G90 -> 140 | J16: 0.5 | K16: 0.5 | L16: 0.2 | M16: 0.5 | N16: 0.5 | O16: 1 | P16: 1 | Q16: 1 | R16: 1 | S16: 1 | T16: 1 | U16: 0 | V16: 0
H17: Reporting | I17: ='Effort Estimation'!G97 -> 140 | J17: 0.5 | K17: 0.5 | L17: 0.2 | M17: 0.5 | N17: 0.5 | O17: 1 | P17: 1 | Q17: 1 | R17: 1 | S17: 0 | T17: 0 | U17: 1 | V17: 0
H18: Automations | I18: ='Effort Estimation'!G106 -> 64 | J18: 0.5 | K18: 0.5 | L18: 0.2 | M18: 0.5 | N18: 0.5 | O18: 1 | P18: 1 | Q18: 1 | R18: 1 | S18: 1 | T18: 1 | U18: 0 | V18: 0
H19: Testing/Training | I19: ='Effort Estimation'!G112 -> 244 | J19: 0.5 | K19: 0.5 | L19: 0.2 | M19: 0.5 | N19: 0.5 | O19: 1 | P19: 1 | Q19: 1 | R19: 1 | S19: 0.5 | T19: 0.5 | U19: 0.2 | V19: 0
H20: Transition | I20: ='Effort Estimation'!G119 -> 96 | J20: 0.5 | K20: 0.5 | L20: 0.2 | M20: 0.5 | N20: 0.5 | O20: 1 | P20: 1 | Q20: 1 | R20: 1 | S20: 0.5 | T20: 0.5 | U20: 0 | V20: 0
H21: Documentations | I21: ='Effort Estimation'!G123 -> 36 | J21: 0.5 | K21: 0.5 | L21: 0.2 | M21: 0.5 | N21: 0.5 | O21: 1 | P21: 1 | Q21: 1 | R21: 1 | S21: 0.5 | T21: 0.5 | U21: 0 | V21: 0
H22: Change Management | I22: ='Effort Estimation'!G128 -> 44 | J22: 0.5 | K22: 0.5 | L22: 0.2 | M22: 0.5 | N22: 0.5 | O22: 1 | P22: 1 | Q22: 1 | R22: 1 | S22: 0.5 | T22: 0.5 | U22: 0 | V22: 0
I24: =SUM(I6:I22) -> 1892.5 | J24: =SUMPRODUCT($I6:$I22,J6:J22) -> 946.25 | K24: =SUMPRODUCT($I6:$I22,K6:K22) -> 946.25 | L24: =SUMPRODUCT($I6:$I22,L6:L22) -> 460.5 | M24: =SUMPRODUCT($I6:$I22,M6:M22) -> 946.25 | N24: =SUMPRODUCT($I6:$I22,N6:N22) -> 946.25 | O24: =SUMPRODUCT($I6:$I22,O6:O22) -> 1874.5 | P24: =SUMPRODUCT($I6:$I22,P6:P22) -> 1874.5 | Q24: =SUMPRODUCT($I6:$I22,Q6:Q22) -> 1782.5 | ... V24: =SUMPRODUCT($I6:$I22,V6:V22) -> 24

Sheet Effort Estimation
B3: FCC Tasks | C3: Time in hours | D3: In Scope? | E3: Details | F3: Total Time | G3: Final Estimate | H3: in Days
B5: Project Initiation and Planning | C5: =SUM(C6:C12) -> 12 | F5: =IF(EngagementWeightage<=100, Project_Initiation_and_Planning,IF(EngagementWeightage<=120,Project_Initiation_and_Planning+4,IF(EngagementWeightage<=160, Project_Initiation_and_Planning+6,Project_Initiation_and_Planning+8))) -> 18 | G5: =SUM(F5:F12) -> 18 | H5: =G5/8 -> 2.25
B6: Kickoff Meetings | C6: 1 | D6: YES
B7: Project Governance | C7: 1 | D7: YES
B8: Communication Plan | C8: 1 | D8: YES
B9: Resource Allocation | C9: 2 | D9: YES
B10: RAID Log | C10: 1 | D10: YES
B11: Project Plan | C11: 4 | D11: YES
B12: Plan Status Meetings and SteerCo Meeting Schedule | C12: 2 | D12: YES
B14: Creating and Managing EPM Cloud Infrastructure | C14: =SUM(C15:C16) -> 6 | F14: =C14 -> 6 | G14: =SUM(F14:F16) -> 6 | H14: =G14/8 -> 0.75
B15: Creating and Setting up Oracle EPM Cloud instances | C15: 2 | D15: YES
B16: Prelim FCC User Provisioning | C16: 4 | D16: =IF(_xlfn.XLOOKUP("Number of Users", FeatureCleanRange, [0]!InScopeFlagRange, 0)=1, "YES", "NO") -> YES | E16: =IF(D16="YES",'Scope Definition'!D51,0) -> 20 | F16: =IF(E16>50,8,0) -> 0
B18: Requirement Gathering, Read back and Client Sign-off | C18: =SUM(C19:C26) -> 32 | F18: =IF(EngagementWeightage<=100, Requirement_Gathering,IF(EngagementWeightage<=120,Requirement_Gathering+8,IF(EngagementWeightage<=160, Requirement_Gathering+12,Requirement_Gathering+16))) -> 44 | G18: =SUM(F18) -> 44 | H18: =G18/8 -> 5.5
B19: Requirement Gathering Sessions | C19: 8 | D19: YES
B20: Current CoA details | C20: 4 | D20: YES
B21: CoA Hierarchies | C21: 4 | D21: YES
B22: Current Consolidation Model | C22: 4 | D22: YES
B23: Sample Reports | C23: 2 | D23: YES
B24: Dimension Details | C24: 4 | D24: YES
B25: Develop Requirement Treaceability Matrix | C25: 4 | D25: YES
B26: Formal RTM Signoff | C26: 2 | D26: YES
B28: Design | C28: =SUM(C29:C33) -> 26 | F28: =IF(EngagementWeightage<=100, Design,IF(EngagementWeightage<=120,Design+8,IF(EngagementWeightage<=160, Design+16,Design+24))) -> 42 | G28: =SUM(F28:F33) -> 42 | H28: =G28/8 -> 5.25
B29: Design Document | C29: 8 | D29: YES
B30: Key Design Decision Document | C30: 8 | D30: YES
B31: Internal Peer Review | C31: 4 | D31: YES
B32: Design and KDD Reviews | C32: 4 | D32: YES
B33: Design Approval from Client | C33: 2 | D33: YES
B35: Build and Configure FCC | C35: =SUM(C36:C51) -> 88 | F35: =IF(EngagementWeightage<=100, Build_and_Configure,IF(EngagementWeightage<=120,Build_and_Configure+8,IF(EngagementWeightage<=160, Build_and_Configure+16,Build_and_Configure+24))) -> 104 | G35: =SUM(F35:F51) -> 148 | H35: =G35/8 -> 18.5
B36: Application Configuration | C36: 2 | D36: YES
B37: Account | C37: 16 | D37: =IF(_xlfn.XLOOKUP(B37, FeatureCleanRange, [0]!InScopeFlagRange, 0)=1, "YES", "NO") -> YES
B38: Account Alternate Hierarchies | C38: 8 | D38: =IF(_xlfn.XLOOKUP(B38, FeatureCleanRange, [0]!InScopeFlagRange, 0)=1, "YES", "NO") -> YES | E38: =IF(D38="YES",'Scope Definition'!D7,0) -> 2 | F38: =C38*E38 -> 16
B39: Rationalization of CoA | C39: 24 | D39: =IF(_xlfn.XLOOKUP(B39, FeatureCleanRange, [0]!InScopeFlagRange, 0)=1, "YES", "NO") -> YES
B40: Multi Currency | C40: 1 | D40: =IF(_xlfn.XLOOKUP(B40, FeatureCleanRange, [0]!InScopeFlagRange, 0)=1, "YES", "NO") -> NO | E40: =IF(D40="YES",'Scope Definition'!D9,0) -> 0 | F40: =C40*E40 -> 0
B41: Reporting Currency | C41: 0.5 | D41: =IF(_xlfn.XLOOKUP(B41, FeatureCleanRange, [0]!InScopeFlagRange, 0)=1, "YES", "NO") -> YES | E41: =IF(D41="YES",'Scope Definition'!D10,0) -> 2 | F41: =C41*E41 -> 1
B42: Data Source | C42: 0.5 | D42: YES
B43: Entity | C43: 8 | D43: =IF(_xlfn.XLOOKUP(B43, FeatureCleanRange, [0]!InScopeFlagRange, 0)=1, "YES", "NO") -> YES
B44: Entity Redesign | C44: 8 | D44: =IF(_xlfn.XLOOKUP(B44, FeatureCleanRange, [0]!InScopeFlagRange, 0)=1, "YES", "NO") -> NO
B45: Entity Alternate Hierarchies | C45: 4 | D45: =IF(_xlfn.XLOOKUP(B45, FeatureCleanRange, [0]!InScopeFlagRange, 0)=1, "YES", "NO") -> YES | E45: =IF(D45="YES",'Scope Definition'!D13,0) -> 2 | F45: =C45*E45 -> 8
B46: Movement | C46: 4 | D46: YES
B47: Scenario | C47: 1 | D47: =IF(_xlfn.XLOOKUP(B47, FeatureCleanRange, [0]!InScopeFlagRange, 0)=1, "YES", "NO") -> YES | E47: =IF(D47="YES",'Scope Definition'!D14,0) -> 2 | F47: =C47*E47 -> 2
B48: Multi-GAAP | C48: 2 | D48: =IF(_xlfn.XLOOKUP(B48, FeatureCleanRange, [0]!InScopeFlagRange, 0)=1, "YES", "NO") -> YES
B49: Custom Dimensions | C49: 4 | D49: =IF(_xlfn.XLOOKUP(B49, FeatureCleanRange, [0]!InScopeFlagRange, 0)=1, "YES", "NO") -> YES | E49: =IF(D49="YES",'Scope Definition'!D16,0) -> 2 | F49: =C49*E49 -> 8
B50: Alternate Hierarchies in Custom Dimensions | C50: 4 | D50: =IF(_xlfn.XLOOKUP(B50, FeatureCleanRange, [0]!InScopeFlagRange, 0)=1, "YES", "NO") -> YES | E50: =IF(D50="YES",'Scope Definition'!D17,0) -> 2 | F50: =C50*E50 -> 8
B51: Additional Alias Tables | C51: 1 | D51: =IF(_xlfn.XLOOKUP(B51, FeatureCleanRange, [0]!InScopeFlagRange, 0)=1, "YES", "NO") -> YES | E51: =IF(D51="YES",'Scope Definition'!D18,0) -> 1 | F51: =C51*E51 -> 1
B53: Setup Application Features | C53: =SUM(C54:C68) -> 79.5 | F53: =IF(EngagementWeightage<=100, AppFeatures,IF(EngagementWeightage<=120,AppFeatures+8,IF(EngagementWeightage<=160, AppFeatures+16,AppFeatures+24))) -> 95.5 | G53: =SUM(F53:F68) -> 96.5 | H53: =G53/8 -> 12.0625
B54: Elimination | C54: 0.5 | D54: =IF(_xlfn.XLOOKUP(B54, FeatureCleanRange, [0]!InScopeFlagRange, 0)=1, "YES", "NO") -> YES
B55: Consolidation Journals | C55: 1 | D55: =IF(_xlfn.XLOOKUP(B55, FeatureCleanRange, [0]!InScopeFlagRange, 0)=1, "YES", "NO") -> YES
B56: Journal Templates | C56: 1 | D56: =IF(_xlfn.XLOOKUP(B56, FeatureCleanRange, [0]!InScopeFlagRange, 0)=1, "YES", "NO") -> YES | E56: =IF(D56="YES",'Scope Definition'!D24,0) -> 1 | F56: =C56*E56 -> 1
B57: Ownership Management | C57: 4 | D57: =IF(_xlfn.XLOOKUP(B57, FeatureCleanRange, [0]!InScopeFlagRange, 0)=1, "YES", "NO") -> NO
B58: Enhanced Organization by Period | C58: 4 | D58: =IF(_xlfn.XLOOKUP(B58, FeatureCleanRange, [0]!InScopeFlagRange, 0)=1, "YES", "NO") -> NO
B59: Equity Pickup | C59: 8 | D59: =IF(_xlfn.XLOOKUP(B59, FeatureCleanRange, [0]!InScopeFlagRange, 0)=1, "YES", "NO") -> NO
B60: Partner Elimination | C60: 8 | D60: =IF(_xlfn.XLOOKUP(B60, FeatureCleanRange, [0]!InScopeFlagRange, 0)=1, "YES", "NO") -> NO
B61: Configurable Consolidation Rules | C61: 8 | D61: =IF(_xlfn.XLOOKUP(B61, FeatureCleanRange, [0]!InScopeFlagRange, 0)=1, "YES", "NO") -> NO | E61: =IF(D61="YES",'Scope Definition'!D30,0) -> 0 | F61: =C61*E61 -> 0
B62: Cash Flow | C62: 8 | D62: =IF(_xlfn.XLOOKUP(B62, FeatureCleanRange, [0]!InScopeFlagRange, 0)=1, "YES", "NO") -> YES
B63: Supplemental Data Collection | C63: 8 | D63: =IF(_xlfn.XLOOKUP(B63, FeatureCleanRange, [0]!InScopeFlagRange, 0)=1, "YES", "NO") -> NO
B64: Enterprise Journals | C64: 8 | D64: =IF(_xlfn.XLOOKUP(B64, FeatureCleanRange, [0]!InScopeFlagRange, 0)=1, "YES", "NO") -> NO
B65: Approval Process | C65: 8 | D65: =IF(_xlfn.XLOOKUP(B65, FeatureCleanRange, [0]!InScopeFlagRange, 0)=1, "YES", "NO") -> YES
B66: Historic Overrides | C66: 4 | D66: =IF(_xlfn.XLOOKUP(B66, FeatureCleanRange, [0]!InScopeFlagRange, 0)=1, "YES", "NO") -> YES
B67: Task Manager | C67: 8 | D67: =IF(_xlfn.XLOOKUP(B67, FeatureCleanRange, [0]!InScopeFlagRange, 0)=1, "YES", "NO") -> NO
B68: Audit | C68: 1 | D68: =IF(_xlfn.XLOOKUP(B68, FeatureCleanRange, [0]!InScopeFlagRange, 0)=1, "YES", "NO") -> YES
B70: Application Customization | C70: =SUM(C71:C72) -> 8 | F70: =IF(EngagementWeightage<=100, AppCustomization,IF(EngagementWeightage<=120,AppCustomization+8,IF(EngagementWeightage<=160,AppCustomization+12,AppCustomization+16))) -> 20 | G70: =SUM(F70:F72) -> 72 | H70: =G70/8 -> 9 | J70: Total n reports, 1/2 of the reports - Low Complexity
B71: Data Forms | C71: 4 | D71: =IF(_xlfn.XLOOKUP(B71, FeatureCleanRange, InScopeFlagRange, 0)=1, "YES", "NO") -> YES | E71: =IF(D71="YES",'Scope Definition'!D40,0) -> 5 | F71: =ROUND(E71*0.5,0)*8 + ROUND(E71*0.25,0)*12 + ROUND(E71*0.25,0)*16 -> 52 | J71: 1/4 of the reports - Medium complexity
B72: Dashboards | C72: 4 | D72: =IF(_xlfn.XLOOKUP(B72, FeatureCleanRange, [0]!InScopeFlagRange, 0)=1, "YES", "NO") -> NO | E72: =IF(D72="YES",'Scope Definition'!D41,0) -> 0 | F72: =ROUND(E72*0.5,0)*8 + ROUND(E72*0.25,0)*12 + ROUND(E72*0.25,0)*16 -> 0 | J72: 1/4 of the reports - High complexity
B74: Calculations | C74: =SUM(C75:C78) -> 15 | F74: =IF(EngagementWeightage<=100, Calculations,IF(EngagementWeightage<=120,Calculations+8,IF(EngagementWeightage<=160,Calculations+12,Calculations+16))) -> 27 | G74: =SUM(F74:F78) -> 126 | H74: =G74/8 -> 15.75 | J74: Total n member formula, 1/2 of the member formula - Low Complexity
B75: Business Rules | C75: 8 | D75: =IF(_xlfn.XLOOKUP(B75, FeatureCleanRange, InScopeFlagRange, 0)=1, "YES", "NO") -> YES | E75: =IF(D75="YES",'Scope Definition'!D44,0) -> 3 | F75: =ROUND(E75*0.5,0)*8 + ROUND(E75*0.25,0)*12 + ROUND(E75*0.25,0)*16 -> 44 | J75: 1/4 of the member formula - Medium complexity
B76: Member Formula | C76: 1 | D76: =IF(_xlfn.XLOOKUP(B76, FeatureCleanRange, [0]!InScopeFlagRange, 0)=1, "YES", "NO") -> YES | E76: =IF(D76="YES",'Scope Definition'!D45,0) -> 20 | F76: =ROUND(E76*0.5,0)*2 + ROUND(E76*0.25,0)*3 + ROUND(E76*0.25,0)*4 -> 55 | J76: 1/4 of the member formula - High complexity
B77: Ratios | C77: 4 | D77: =IF(_xlfn.XLOOKUP(B77, FeatureCleanRange, [0]!InScopeFlagRange, 0)=1, "YES", "NO") -> YES
B78: Custom KPIs | C78: 2 | D78: =IF(_xlfn.XLOOKUP(B78, FeatureCleanRange, [0]!InScopeFlagRange, 0)=1, "YES", "NO") -> NO | E78: =IF(D78="YES",'Scope Definition'!D47,0) -> 0 | F78: =ROUND(E78*0.5,0)*2 + ROUND(E78*0.25,0)*4 + ROUND(E78*0.25,0)*4 -> 0
B80: Security | C80: =SUM(C81:C82) -> 4 | F80: =IF(EngagementWeightage<=100, Security,IF(EngagementWeightage<=120,Security+8,IF(EngagementWeightage<=160,Security+12,Security+16))) -> 16 | G80: =SUM(F80:F82) -> 24 | H80: =G80/8 -> 3
B81: Secured Dimensions | C81: 2 | D81: =IF(_xlfn.XLOOKUP(B81, FeatureCleanRange, [0]!InScopeFlagRange, 0)=1, "YES", "NO") -> YES | E81: =IF(D81="YES",'Scope Definition'!D50,0) -> 1 | F81: =E81*4 -> 4
B82: Number of Users | C82: 2 | D82: =IF(_xlfn.XLOOKUP(B82, FeatureCleanRange, InScopeFlagRange, 0)=1, "YES", "NO") -> YES | E82: =IF(D82="YES",'Scope Definition'!D51,0) -> 20 | F82: =E82*0.2 -> 4
B84: Historical Data | C84: =SUM(C85:C88) -> 60 | F84: =IF(EngagementWeightage<=100, HistData,IF(EngagementWeightage<=120,HistData+8,IF(EngagementWeightage<=160,HistData+12,HistData+16))) -> 72 | G84: =SUM(F84:F88) -> 552 | H84: =G84/8 -> 69
B85: Historical Data Validation | C85: Calc | D85: =IF(_xlfn.XLOOKUP(B85, FeatureCleanRange, [0]!InScopeFlagRange, 0)=1, "YES", "NO") -> YES | E85: =IF(D85="YES",'Scope Definition'!D54,0) -> 2 | F85: =(15 +(E85+1) * 10)*8 -> 360 | J85: 15 days for the first 4 months, and 10 days for each subsequent year
B86: Data Validation for Account Alt Hierarchies | C86: 20 | D86: =IF(_xlfn.XLOOKUP(B86, FeatureCleanRange, [0]!InScopeFlagRange, 0)=1, "YES", "NO") -> YES | E86: =IF(D86="YES",'Scope Definition'!D54,0) -> 2 | F86: =C86*E86 -> 40
B87: Data Validation for Entity Alt Hierarchies | C87: 20 | D87: =IF(_xlfn.XLOOKUP(B87, FeatureCleanRange, [0]!InScopeFlagRange, 0)=1, "YES", "NO") -> YES | E87: ='Scope Definition'!D13 -> 2 | F87: =C87*E87 -> 40
B88: Historical Journal Conversion | C88: 20 | D88: =IF(_xlfn.XLOOKUP(B88, FeatureCleanRange, [0]!InScopeFlagRange, 0)=1, "YES", "NO") -> YES | E88: =IF(D88="YES",'Scope Definition'!D54,0) -> 2 | F88: =C88*E88 -> 40
B90: Integrations | C90: =SUM(C91:C95) -> 80 | F90: =IF(EngagementWeightage<=100, Integrations,IF(EngagementWeightage<=120,Integrations+8,IF(EngagementWeightage<=160,Integrations+12,Integrations+16))) -> 92 | G90: =SUM(F90:F95) -> 140 | H90: =G90/8 -> 17.5
B91: Files Based Loads | C91: 16 | D91: =IF(_xlfn.XLOOKUP(B91, FeatureCleanRange, [0]!InScopeFlagRange, 0)=1, "YES", "NO") -> NO | E91: =IF(D91="YES",'Scope Definition'!D60,0) -> 0 | F91: =E91*C91 -> 0
B92: Direct Connect Integrations | C92: 16 | D92: =IF(_xlfn.XLOOKUP(B92, FeatureCleanRange, [0]!InScopeFlagRange, 0)=1, "YES", "NO") -> YES | E92: =IF(D92="YES",'Scope Definition'!D61,0) -> 1 | F92: =E92*C92 -> 16
B93: Outbound Integrations | C93: 16 | D93: =IF(_xlfn.XLOOKUP(B93, FeatureCleanRange, [0]!InScopeFlagRange, 0)=1, "YES", "NO") -> NO | E93: =IF(D93="YES",'Scope Definition'!D62,0) -> 0 | F93: =E93*C93 -> 0
B94: Pipeline | C94: 16 | D94: =IF(_xlfn.XLOOKUP(B94, FeatureCleanRange, [0]!InScopeFlagRange, 0)=1, "YES", "NO") -> NO | E94: =IF(D94="YES",'Scope Definition'!D63,0) -> 0 | F94: =E94*C94 -> 0
B95: Custom Scripting | C95: 16 | D95: =IF(_xlfn.XLOOKUP(B95, FeatureCleanRange, [0]!InScopeFlagRange, 0)=1, "YES", "NO") -> YES | E95: =IF(D95="YES",'Scope Definition'!D64,0) -> 2 | F95: =E95*C95 -> 32
B97: Reporting | C97: =SUM(C98:C104) -> 40 | F97: =IF(EngagementWeightage<=100, Reporting,IF(EngagementWeightage<=120,Reporting+8,IF(EngagementWeightage<=160,Reporting+12,Reporting+16))) -> 52 | G97: =SUM(F97:F104) -> 140 | H97: =G97/8 -> 17.5
B98: Management Reports | C98: 8 | D98: =IF(_xlfn.XLOOKUP(B98, FeatureCleanRange, [0]!InScopeFlagRange, 0)=1, "YES", "NO") -> YES | E98: =IF(D98="YES",'Scope Definition'!D67,0) -> 5 | F98: =ROUND(E98*0.5,0)*8 + ROUND(E98*0.25,0)*12 + ROUND(E98*0.25,0)*16 -> 52
B99: Consolidation Reports | C99: 4 | D99: =IF(_xlfn.XLOOKUP(B99, FeatureCleanRange, [0]!InScopeFlagRange, 0)=1, "YES", "NO") -> NO | E99: =IF(D99="YES",'Scope Definition'!D68,0) -> 0 | F99: =E99*C99 -> 0
B100: Consolidation Journal Reports | C100: 4 | D100: =IF(_xlfn.XLOOKUP(B100, FeatureCleanRange, [0]!InScopeFlagRange, 0)=1, "YES", "NO") -> YES | E100: =IF(D100="YES",'Scope Definition'!D69,0) -> 1 | F100: =E100*C100 -> 4
B101: Intercompany Reports | C101: 8 | D101: =IF(_xlfn.XLOOKUP(B101, FeatureCleanRange, [0]!InScopeFlagRange, 0)=1, "YES", "NO") -> YES | E101: =IF(D101="YES",'Scope Definition'!D70,0) -> 1 | F101: =E101*C101 -> 8
B102: Task Manager Reports | C102: 4 | D102: =IF(_xlfn.XLOOKUP(B102, FeatureCleanRange, [0]!InScopeFlagRange, 0)=1, "YES", "NO") -> NO | E102: =IF(D102="YES",'Scope Definition'!D71,0) -> 0 | F102: =E102*C102 -> 0
B103: Enterprise Journal Reports | C103: 4 | D103: =IF(_xlfn.XLOOKUP(B103, FeatureCleanRange, [0]!InScopeFlagRange, 0)=1, "YES", "NO") -> NO | E103: =IF(D103="YES",'Scope Definition'!D72,0) -> 0 | F103: =E103*C103 -> 0
B104: Smart View Reports | C104: 8 | D104: =IF(_xlfn.XLOOKUP(B104, FeatureCleanRange, [0]!InScopeFlagRange, 0)=1, "YES", "NO") -> YES | E104: =IF(D104="YES",'Scope Definition'!D73,0) -> 3 | F104: =E104*C104 -> 24
B106: Automations | C106: =SUM(C107:C110) -> 52 | F106: =IF(EngagementWeightage<=100, Automations,IF(EngagementWeightage<=120,Automations+8,IF(EngagementWeightage<=160,Automations+12,Automations+16))) -> 64 | G106: =SUM(F106:F110) -> 64 | H106: =G106/8 -> 8
B107: Automated Data loads | C107: 16 | D107: =IF(_xlfn.XLOOKUP(B107, FeatureCleanRange, [0]!InScopeFlagRange, 0)=1, "YES", "NO") -> YES
B108: Automated Consolidations | C108: 8 | D108: =IF(_xlfn.XLOOKUP(B108, FeatureCleanRange, [0]!InScopeFlagRange, 0)=1, "YES", "NO") -> YES
B109: Backup and Archival | C109: 12 | D109: =IF(_xlfn.XLOOKUP(B109, FeatureCleanRange, [0]!InScopeFlagRange, 0)=1, "YES", "NO") -> NO
B110: Metadata Import | C110: 16 | D110: =IF(_xlfn.XLOOKUP(B110, FeatureCleanRange, [0]!InScopeFlagRange, 0)=1, "YES", "NO") -> NO
B112: Testing/Training | C112: =SUM(C113:C117) -> 152 | F112: =IF(EngagementWeightage<=100, Testing_Training,IF(EngagementWeightage<=120,Testing_Training+8,IF(EngagementWeightage<=160,Testing_Training+12,Testing_Training+16))) -> 164 | G112: =SUM(F112:F117) -> 244 | H112: =G112/8 -> 30.5
B113: Unit Testing | C113: 40 | D113: =IF(_xlfn.XLOOKUP(B113, FeatureCleanRange, [0]!InScopeFlagRange, 0)=1, "YES", "NO") -> YES
B114: UAT | C114: 40 | D114: =IF(_xlfn.XLOOKUP(B114, FeatureCleanRange, [0]!InScopeFlagRange, 0)=1, "YES", "NO") -> YES
B115: SIT | C115: 16 | D115: =IF(_xlfn.XLOOKUP(B115, FeatureCleanRange, [0]!InScopeFlagRange, 0)=1, "YES", "NO") -> YES
B116: Parallel Testing | C116: 40 | D116: =IF(_xlfn.XLOOKUP(B116, FeatureCleanRange, [0]!InScopeFlagRange, 0)=1, "YES", "NO") -> YES | E116: 2 | F116: =C116*2 -> 80
...

Sheet Sheet1
D8: Resource Role / | E8: 1 | F8: 2 | G8: 3 | H8: 4 | I8: 5 | J8: 6 | K8: 7 | L8: 8 | M8: 9
D9: Monthly Hours
D10: Project Manager - USA (50%) | E10: 44 | F10: 88 | G10: 84 | H10: 84 | I10: 92 | J10: 72 | K10: 88 | L10: 108
D11: Project Manager - India (50%) | E11: 44 | F11: 88 | G11: 84 | H11: 84 | I11: 92 | J11: 72 | K11: 88 | L11: 108
D12: Solution Architect - FCC -– USA | E12: 88 | F12: 88 | G12: 34 | H12: 34 | I12: 37 | J12: 29 | K12: 35 | L12: 112
D13: Integration Architect -– USA | E13: 44 | F13: 88 | G13: 34 | H13: 34 | I13: 5
D14: Integration Lead -– India | F14: 176 | G14: 168 | H14: 168 | I14: 184 | J14: 144 | K14: 176 | L14: 168 | M14: 160
D15: Application Lead - FCC -– USA | F15: 176 | G15: 168 | H15: 168 | I15: 184 | J15: 144 | K15: 176 | L15: 168 | M15: 160
D16: Sr. Application Lead - FCC - India | F16: 176 | G16: 168 | H16: 168 | I16: 184 | J16: 144 | K16: 176 | L16: 144
D17: Application Lead - Reports - India | F17: 176 | G17: 168 | H17: 168 | I17: 184 | J17: 144 | K17: 176 | L17: 144
D18: Melissa - Change Management Supportgt | E18: 2 | F18: 2 | G18: 2 | H18: 2 | I18: 2 | J18: 2 | K18: 2 | L18: 6
K21: 7010

Sheet Definitions
B3: Scope of Services
B5: Under this SOW, Donyati will work with Client to provide Services noted below. Actual activities, work items, schedule and deliverables would be jointly managed by Donyati and Client based on the Client’s business priorities.
B7: The scope of this engagement is focused on the implementation of the following application modules:
B8: Oracle EPM Enterprise – Financial Consolidation and Close
B10: Donyati Services consist of the following:
B12: Implementation of Financial Consolidation and Close
B14: Dimensions
B15: ="Account dimension (~ "&'Scope Definition'!D6&"accounts) will be configured based on the current Chart of Accounts. " & IF('Scope Definition'!C8="NO","No redesign of the Chart of Accounts is anticipated in the SOW.","CoA Rationalization will be performed.") & " Standard Trial Balance will be incorporated into the Account dimension to support the following financial statements." -> Account dimension (~ 2000accounts) will be configured based on the current Chart of Accounts. CoA Rationalization will be performed. Standard Trial Balance will be incorporated into the Account dimension to support the following financial statements.
B16: ="Up to "&'Scope Definition'!D7&" Account alternate hierarchies will be developed" -> Up to 2 Account alternate hierarchies will be developed
B17: ="Entity - (~"&'Scope Definition'!D11&") will be configures based on the currenct structure. In addtion, up to "&'Scope Definition'!D13&" alternate hierarchies will be developed" -> Entity - (~25) will be configures based on the currenct structure. In addtion, up to 2 alternate hierarchies will be developed
B18: ="Currency dimension will be configures with "&'Scope Definition'!D9& " Currencies.There will be "&'Scope Definition'!D10& " Reporting Currency" -> Currency dimension will be configures with 5 Currencies.There will be 2 Reporting Currency
B19: =IF('Scope Definition'!C31="YES", "Movement dimension will be configured to support Cash Flow and Roll-forward activities.", "Movement dimension will be configured to support Roll-forward activities.") -> Movement dimension will be configured to support Cash Flow and Roll-forward activities.
B20: Year, Period, View, Consolidation, Intercompany, and Data Source dimensions will be configured to support consolidation and reporting
B21: ="Custom dimensions will be leveraged to support additional reporting requirements. Specific use of "&'Scope Definition'!D16&" Custom Dimensions will be determined during requirements and design" -> Custom dimensions will be leveraged to support additional reporting requirements. Specific use of 2 Custom Dimensions will be determined during requirements and design
B22: =IF('Scope Definition'!C17="NO", "Custom dimensions will have only one primary hierarchy", "Custom dimensions will have "&'Scope Definition'!D17& " alternate hierarchies") -> Custom dimensions will have 2 alternate hierarchies
B24: Application Features
B25: =IF('Scope Definition'!C21="YES","Standard elimination capabilities will be provided","Elimination is not in scope") -> Standard elimination capabilities will be provided
B26: =IF('Scope Definition'!C23="YES","Consolidation Journal will be enabled","Journals are not in scope") & " and " & IF('Scope Definition'!C24="YES",'Scope Definition'!D24& " Journal Template will be created", "Journal Templates are not in scope") -> Consolidation Journal will be enabled and 1 Journal Template will be created
B27: =IF('Scope Definition'!C26="NO","Ownership Management is not in scope, " & "No Equity pickup", "Ownership management will be enabled." ) -> Ownership Management is not in scope, No Equity pickup
B28: =IF('Scope Definition'!C29="YES","Partner Elimination will be enabled", " ")
B29: =IF('Scope Definition'!C30="YES","Configurable Consolidartion Rules will be used", " ")
B30: =IF('Scope Definition'!C31="YES","Our of box Configuration of indirect Cash Flow will be used.", "Cash Flow is not in scope.") -> Our of box Configuration of indirect Cash Flow will be used.
B31: =IF('Scope Definition'!C32="YES","Supplemental Data Collection will be enabled.", " ")
B32: =IF('Scope Definition'!C33="YES","Enterprise Journals will be enabled.", "")
B33: =IF('Scope Definition'!C34="YES","Approval Process will be used in the application.", "") -> Approval Process will be used in the application.
B34: =IF('Scope Definition'!C35="YES","Task Manager will be used in the application to support Financial Consolidation and Close.", "") -> Task Manager will be used in the application to support Financial Consolidation and Close.
B35: =IF('Scope Definition'!C36="YES","Audit will be enabled in the application as per requierement.", "")
B37: Application Customization
B38: =IF('Scope Definition'!C40="YES","Custom Data Forms – If required, up to " & 'Scope Definition'!D40 &" Custom Data Forms will be developed to support Financial Consolidation and Close.","") -> Custom Data Forms – If required, up to 5 Custom Data Forms will be developed to support Financial Consolidation and Close.
B40: =IF('Scope Definition'!C41="YES","Custom Dashboards – If required, up to " & 'Scope Definition'!D41 &" Custom Dashboards will be developed to support Financial Consolidation and Close.","")
B42: Calculations
B43: =IF('Scope Definition'!C44="YES","Custom Business Rules – If required, up to " & 'Scope Definition'!D44 &" Custom Business rules will be developed to support Financial Consolidation and Close.","") -> Custom Business Rules – If required, up to 3 Custom Business rules will be developed to support Financial Consolidation and Close.
B44: =IF('Scope Definition'!C45="YES","Member Formulas – If required, up to " & 'Scope Definition'!D45 &" Member Formulas will be developed to support Financial Consolidation and Close.","") -> Member Formulas – If required, up to 20 Member Formulas will be developed to support Financial Consolidation and Close.
B45: =IF('Scope Definition'!C46="YES","Translation override will be set up if required","") -> Translation override will be set up if required
B46: =IF('Scope Definition'!C47="YES","Calculate Movement rule will be enabled","")
B132: Key Design Decisions
B134: General Application Configuration | D134: General Application Configuration
B135: Metadata Configuration | D135: Metadata Configuration
B136: FCC Consolidations and Other Calculations | D136: FCC Consolidations and Other Calculations
B137: Reports and Data Form Configuration | D137: Reports and Data Form Configuration
B138: Ownership Management | D138: =IF('Scope Definition'!E26>0,Definitions!B138,"")
B139: Cash Flow | D139: =IF('Scope Definition'!E31>0,Definitions!B139,"") -> Cash Flow
B140: Journal Process | D140: =IF('Scope Definition'!E23>0,Definitions!B140,"") -> Journal Process
B141: Integrations | D141: =IF('Scope Definition'!F59>0,Definitions!B141,"") -> Integrations
B142: Historical Data Source and Validations | D142: =IF('Scope Definition'!F53>0,Definitions!B142,"") -> Historical Data Source and Validations
B143: Automations | D143: =IF('Scope Definition'!F75>0,Definitions!B143,"") -> Automations
B144: Approval Process | D144: =IF('Scope Definition'!E34>0,Definitions!B144,"") -> Approval Process
B145: Task Manager | D145: =IF('Scope Definition'!E36>0,Definitions!B145,"")
B146: Supplemental Data Collection | D146: =IF('Scope Definition'!E32>0,Definitions!B146,"")
B147: Enterprise Journals | D147: =IF('Scope Definition'!E33>0,Definitions!B147,"")
B148: Application Security | D148: =IF('Scope Definition'!F49>0,Definitions!B148,"") -> Application Security
B149: Audit | D149: =IF('Scope Definition'!E37>0,Definitions!B149,"") -> Audit
B166: Timings
B168: ="The engagement start date is " & TEXT(TODAY(), "dd-mmm-yyyy") -> The engagement start date is 18-Nov-2025
B169: ="The engagement end date is " & TEXT(EOMONTH(TODAY(), ROUND(TotalDuration,0)),"dd-mmm-yyyy") -> The engagement end date is 31-Jul-2026
B170: ="Go-live support will be provided and additional capabilities will be added per a subsequent Statement of Work expected to be started immediately following the completion of this Statement of Work." -> Go-live support will be provided and additional capabilities will be added per a subsequent Statement of Work expected to be started immediately following the completion of this Statement of Work.
B171: ="This SOW assumes " & ROUND(TotalDuration,0) & " months to complete Financial Consolidation and Close." -> This SOW assumes 8 months to complete Financial Consolidation and Close.
B172: Completion of Services and Deliverables agreed upon is subject to, among other things, appropriate cooperation, obtaining the necessary information, and timely response to inquiries. The chart below shows the estimated hours per month for each resource role. At the conclusion of Requirements and Design, Donyati will revise the implementation timeline to incorporate agreed upon requirements and design elements. Donyati and Client will review and approve the revised implementation timeline before moving into the Development Phase.
B176: Resource Role/Monthly Hours | C176: {=_xlfn.SEQUENCE(1, ROUND(TotalDuration,0), 1, 1)} -> 1 | D176: 2 | E176: 3 | F176: 4 | G176: 5 | H176: 6 | I176: 7 | J176: 8
B177: PM USA | C177: {=ROUND(_xlfn.SEQUENCE(1, ROUND(TotalDuration,0), 'App Tiers Definition'!J24 / ROUND(TotalDuration,0), 0),0)} -> 118 | D177: 118 | E177: 118 | F177: 118 | G177: 118 | H177: 118 | I177: 118 | J177: 118
B178: PM India | C178: {=ROUND(_xlfn.SEQUENCE(1, ROUND(TotalDuration,0), 'App Tiers Definition'!K24 / ROUND(TotalDuration,0), 0),0)} -> 118 | D178: 118 | E178: 118 | F178: 118 | G178: 118 | H178: 118 | I178: 118 | J178: 118
B179: Architect USA | C179: {=ROUND(_xlfn.SEQUENCE(1, ROUND(TotalDuration,0), 'App Tiers Definition'!L24 / ROUND(TotalDuration,0), 0),0)} -> 58 | D179: 58 | E179: 58 | F179: 58 | G179: 58 | H179: 58 | I179: 58 | J179: 58
B180: Sr. Delivery Lead India | C180: {=ROUND(_xlfn.SEQUENCE(1, ROUND(TotalDuration,0), 'App Tiers Definition'!M24 / ROUND(TotalDuration,0), 0),0)} -> 118 | D180: 118 | E180: 118 | F180: 118 | G180: 118 | H180: 118 | I180: 118 | J180: 118
B181: Delivery Lead India | C181: {=ROUND(_xlfn.SEQUENCE(1, ROUND(TotalDuration,0), 'App Tiers Definition'!N24 / ROUND(TotalDuration,0), 0),0)} -> 118 | D181: 118 | E181: 118 | F181: 118 | G181: 118 | H181: 118 | I181: 118 | J181: 118
B182: App Lead USA | C182: {=ROUND(_xlfn.SEQUENCE(1, ROUND(TotalDuration,0), 'App Tiers Definition'!O24 / ROUND(TotalDuration,0), 0),0)} -> 234 | D182: 234 | E182: 234 | F182: 234 | G182: 234 | H182: 234 | I182: 234 | J182: 234
B183: App Lead India | C183: {=ROUND(_xlfn.SEQUENCE(1, ROUND(TotalDuration,0), 'App Tiers Definition'!P24 / ROUND(TotalDuration,0), 0),0)} -> 234 | D183: 234 | E183: 234 | F183: 234 | G183: 234 | H183: 234 | I183: 234 | J183: 234
B184: App Developer USA | C184: {=ROUND(_xlfn.SEQUENCE(1, ROUND(TotalDuration,0), 'App Tiers Definition'!Q24 / ROUND(TotalDuration,0), 0),0)} -> 223 | D184: 223 | E184: 223 | F184: 223 | G184: 223 | H184: 223 | I184: 223 | J184: 223
B185: App Developer India | C185: {=ROUND(_xlfn.SEQUENCE(1, ROUND(TotalDuration,0), 'App Tiers Definition'!R24 / ROUND(TotalDuration,0), 0),0)} -> 223 | D185: 223 | E185: 223 | F185: 223 | G185: 223 | H185: 223 | I185: 223 | J185: 223
B186: Integration Lead USA | C186: {=ROUND(_xlfn.SEQUENCE(1, ROUND(TotalDuration,0), 'App Tiers Definition'!S24 / ROUND(TotalDuration,0), 0),0)} -> 55 | D186: 55 | E186: 55 | F186: 55 | G186: 55 | H186: 55 | I186: 55 | J186: 55
B187: Integration Developer India | C187: {=ROUND(_xlfn.SEQUENCE(1, ROUND(TotalDuration,0), 'App Tiers Definition'!T24 /ROUND(TotalDuration,0), 0),0)} -> 55 | D187: 55 | E187: 55 | F187: 55 | G187: 55 | H187: 55 | I187: 55 | J187: 55
B188: Reporting Lead India | C188: {=ROUND(_xlfn.SEQUENCE(1, ROUND(TotalDuration,0), 'App Tiers Definition'!U24 / ROUND(TotalDuration,0), 0),0)} -> 24 | D188: 24 | E188: 24 | F188: 24 | G188: 24 | H188: 24 | I188: 24 | J188: 24
B189: Security Lead India | C189: {=ROUND(_xlfn.SEQUENCE(1, ROUND(TotalDuration,0), 'App Tiers Definition'!V24 / ROUND(TotalDuration,0), 0),0)} -> 3 | D189: 3 | E189: 3 | F189: 3 | G189: 3 | H189: 3 | I189: 3 | J189: 3
